Filename,Predictions
1/021__1 Cent_australia.jpg,"1 Cent,Australian dollar,australia"
1/022__1 Cent_australia.jpg,"1 Cent,Australian dollar,australia"
1/027__1 Cent_australia.jpg,"1 Cent,Australian dollar,australia"
1/036__1 Cent_australia.jpg,"1 Cent,Australian dollar,australia"
10/005__5 Centavos_brazil.jpg,"5 Centavos,Brazilian Real,brazil"
10/014__5 Centavos_brazil.jpg,"5 Centavos,Brazilian Real,brazil"
10/020__5 Centavos_brazil.jpg,"5 Centavos,Brazilian Real,brazil"
10/022__5 Centavos_brazil.jpg,"5 Centavos,Brazilian Real,brazil"
100/017__5 Won_south_korea.jpg,"5 Won,Korean Won,south_korea"
100/019__5 Won_south_korea.jpg,"5 Won,Korean Won,south_korea"
100/027__5 Won_south_korea.jpg,"5 Won,Korean Won,south_korea"
100/033__5 Won_south_korea.jpg,"5 Won,Korean Won,south_korea"
101/016__10 Won_south_korea.jpg,"10 Won,Korean Won,south_korea"
101/019__10 Won_south_korea.jpg,"10 Won,Korean Won,south_korea"
101/026__10 Won_south_korea.jpg,"10 Won,Korean Won,south_korea"
101/035__10 Won_south_korea.jpg,"10 Won,Korean Won,south_korea"
102/005__50 Won_south_korea.jpg,"50 Won,Korean Won,south_korea"
102/007__50 Won_south_korea.jpg,"50 Won,Korean Won,south_korea"
102/008__50 Won_south_korea.jpg,"50 Won,Korean Won,south_korea"
102/010__50 Won_south_korea.jpg,"50 Won,Korean Won,south_korea"
103/006__100 Won_south_korea.jpg,"100 Won,Korean Won,south_korea"
103/009__100 Won_south_korea.jpg,"100 Won,Korean Won,south_korea"
103/023__100 Won_south_korea.jpg,"100 Won,Korean Won,south_korea"
103/034__100 Won_south_korea.jpg,"100 Won,Korean Won,south_korea"
104/001__500 Won_south_korea.jpg,"500 Won,Korean Won,south_korea"
104/002__500 Won_south_korea.jpg,"500 Won,Korean Won,south_korea"
104/019__500 Won_south_korea.jpg,"500 Won,Korean Won,south_korea"
104/026__500 Won_south_korea.jpg,"500 Won,Korean Won,south_korea"
105/007__1 Sen_malaysia.jpg,"1 Sen,Malaysian Ringgit,malaysia"
105/012__1 Sen_malaysia.jpg,"1 Grosz,Polish Zloty,poland"
105/024__1 Sen_malaysia.jpg,"1 Sen,Malaysian Ringgit,malaysia"
105/025__1 Sen_malaysia.jpg,"1 Rappen,Swiss Franc,switzerland"
106/001__5 Sen_malaysia.jpg,"5 Sen,Malaysian Ringgit,malaysia"
106/027__5 Sen_malaysia.jpg,"5 Sen,Malaysian Ringgit,malaysia"
106/030__5 Sen_malaysia.jpg,"5 Sen,Malaysian Ringgit,malaysia"
106/031__5 Sen_malaysia.jpg,"1 New Sheqel,Israeli New Shekel,israel"
107/013__10 Sen_malaysia.jpg,"10 Sen,Malaysian Ringgit,malaysia"
107/026__10 Sen_malaysia.jpg,"10 Sen,Malaysian Ringgit,malaysia"
107/033__10 Sen_malaysia.jpg,"10 Sen,Malaysian Ringgit,malaysia"
107/036__10 Sen_malaysia.jpg,"10 Sen,Malaysian Ringgit,malaysia"
108/002__20 Sen_malaysia.jpg,"20 Sen,Malaysian Ringgit,malaysia"
108/008__20 Sen_malaysia.jpg,"20 Sen,Malaysian Ringgit,malaysia"
108/027__20 Sen_malaysia.jpg,"20 Sen,Malaysian Ringgit,malaysia"
108/029__20 Sen_malaysia.jpg,"20 Sen,Malaysian Ringgit,malaysia"
109/015__50 Sen_malaysia.jpg,"50 Sen,Malaysian Ringgit,malaysia"
109/025__50 Sen_malaysia.jpg,"20 Sen,Malaysian Ringgit,malaysia"
109/030__50 Sen_malaysia.jpg,"20 Sen,Malaysian Ringgit,malaysia"
109/033__50 Sen_malaysia.jpg,"50 Sen,Malaysian Ringgit,malaysia"
11/004__10 Centavos_brazil.jpg,"1 Centavo,Brazilian Real,brazil"
11/018__10 Centavos_brazil.jpg,"10 Sen,Malaysian Ringgit,malaysia"
11/019__10 Centavos_brazil.jpg,"10 Centavos,Brazilian Real,brazil"
11/024__10 Centavos_brazil.jpg,"10 Centavos,Brazilian Real,brazil"
110/009__5 Centavos_mexico.jpg,"5 Centavos,Mexican peso,mexico"
110/013__5 Centavos_mexico.jpg,"5 Centavos,Mexican peso,mexico"
110/028__5 Centavos_mexico.jpg,"5 Centavos,Mexican peso,mexico"
110/029__5 Centavos_mexico.jpg,"5 Centavos,Mexican peso,mexico"
111/011__10 Centavos_mexico.jpg,"10 Centavos,Mexican peso,mexico"
111/019__10 Centavos_mexico.jpg,"10 Centavos,Mexican peso,mexico"
111/034__10 Centavos_mexico.jpg,"10 Centavos,Mexican peso,mexico"
111/035__10 Centavos_mexico.jpg,"10 Centavos,Mexican peso,mexico"
112/004__20 Centavos_mexico.jpg,"20 Centavos,Mexican peso,mexico"
112/005__20 Centavos_mexico.jpg,"20 Centavos,Mexican peso,mexico"
112/010__20 Centavos_mexico.jpg,"20 Centavos,Mexican peso,mexico"
112/013__20 Centavos_mexico.jpg,"20 Centavos,Mexican peso,mexico"
113/009__50 Centavos_mexico.jpg,"50 Centavos,Mexican peso,mexico"
113/012__50 Centavos_mexico.jpg,"20 Centavos,Mexican peso,mexico"
113/024__50 Centavos_mexico.jpg,"50 Centavos,Mexican peso,mexico"
113/029__50 Centavos_mexico.jpg,"50 Centavos,Mexican peso,mexico"
114/013__1 Peso_mexico.jpg,"5 Cents,US Dollar,usa"
114/015__1 Peso_mexico.jpg,"1 Peso,Mexican peso,mexico"
114/024__1 Peso_mexico.jpg,"1 Peso,Mexican peso,mexico"
114/025__1 Peso_mexico.jpg,"5 Pesos,Mexican peso,mexico"
115/016__2 Pesos_mexico.jpg,"1 2 Franc,Swiss Franc,switzerland"
115/023__2 Pesos_mexico.jpg,"2 Pesos,Mexican peso,mexico"
115/031__2 Pesos_mexico.jpg,"2 Pesos,Mexican peso,mexico"
115/034__2 Pesos_mexico.jpg,"2 Pesos,Mexican peso,mexico"
116/008__5 Pesos_mexico.jpg,"5 Pesos,Mexican peso,mexico"
116/020__5 Pesos_mexico.jpg,"5 Pesos,Mexican peso,mexico"
116/021__5 Pesos_mexico.jpg,"5 Pesos,Mexican peso,mexico"
116/024__5 Pesos_mexico.jpg,"5 Pesos,Mexican peso,mexico"
117/008__10 Pesos_mexico.jpg,"2 Zlote,Polish Zloty,poland"
117/016__10 Pesos_mexico.jpg,"10 Pesos,Mexican peso,mexico"
117/029__10 Pesos_mexico.jpg,"10 Pesos,Mexican peso,mexico"
117/033__10 Pesos_mexico.jpg,"10 Pesos,Mexican peso,mexico"
118/010__5 Cents_new_zealand.jpg,"5 Cents,New Zealand dollar,new_zealand"
118/011__5 Cents_new_zealand.jpg,"10 Cents,New Zealand dollar,new_zealand"
118/023__5 Cents_new_zealand.jpg,"5 Cents,New Zealand dollar,new_zealand"
118/032__5 Cents_new_zealand.jpg,"5 Cents,New Zealand dollar,new_zealand"
119/018__10 Cents_new_zealand.jpg,"10 Cents,New Zealand dollar,new_zealand"
119/023__10 Cents_new_zealand.jpg,"10 Cents,New Zealand dollar,new_zealand"
119/026__10 Cents_new_zealand.jpg,"10 Cents,New Zealand dollar,new_zealand"
119/035__10 Cents_new_zealand.jpg,"10 Cents,New Zealand dollar,new_zealand"
12/005__25 Centavos_brazil.jpg,"25 Centavos,Brazilian Real,brazil"
12/007__25 Centavos_brazil.jpg,"25 Centavos,Brazilian Real,brazil"
12/026__25 Centavos_brazil.jpg,"25 Centavos,Brazilian Real,brazil"
12/035__25 Centavos_brazil.jpg,"25 Centavos,Brazilian Real,brazil"
120/011__20 Cents_new_zealand.jpg,"20 Cents,New Zealand dollar,new_zealand"
120/012__20 Cents_new_zealand.jpg,"20 Cents,New Zealand dollar,new_zealand"
120/022__20 Cents_new_zealand.jpg,"20 Cents,New Zealand dollar,new_zealand"
120/035__20 Cents_new_zealand.jpg,"20 Cents,New Zealand dollar,new_zealand"
121/003__50 Cents_new_zealand.jpg,"50 Cents,New Zealand dollar,new_zealand"
121/004__50 Cents_new_zealand.jpg,"50 Cents,New Zealand dollar,new_zealand"
121/024__50 Cents_new_zealand.jpg,"50 Cents,New Zealand dollar,new_zealand"
121/028__50 Cents_new_zealand.jpg,"50 Cents,New Zealand dollar,new_zealand"
122/006__1 Dollar_new_zealand.jpg,"1 Dollar,New Zealand dollar,new_zealand"
122/013__1 Dollar_new_zealand.jpg,"1 Dollar,New Zealand dollar,new_zealand"
122/025__1 Dollar_new_zealand.jpg,"1 Dollar,New Zealand dollar,new_zealand"
122/026__1 Dollar_new_zealand.jpg,"1 Dollar,New Zealand dollar,new_zealand"
123/001__2 Dollars_new_zealand.jpg,"5 Cents,New Zealand dollar,new_zealand"
123/009__2 Dollars_new_zealand.jpg,"2 Dollars,New Zealand dollar,new_zealand"
123/019__2 Dollars_new_zealand.jpg,"2 Dollars,New Zealand dollar,new_zealand"
123/023__2 Dollars_new_zealand.jpg,"2 Dollars,New Zealand dollar,new_zealand"
124/003__50 Ore_norway.jpg,"50 Ore,Norwegian Krone,norway"
124/006__50 Ore_norway.jpg,"50 Ore,Norwegian Krone,norway"
124/008__50 Ore_norway.jpg,"50 Ore,Norwegian Krone,norway"
124/026__50 Ore_norway.jpg,"50 Ore,Norwegian Krone,norway"
125/004__1 Krone_norway.jpg,"1 Krone,Norwegian Krone,norway"
125/006__1 Krone_norway.jpg,"1 Krone,Norwegian Krone,norway"
125/015__1 Krone_norway.jpg,"1 Krone,Norwegian Krone,norway"
125/029__1 Krone_norway.jpg,"1 Krone,Norwegian Krone,norway"
126/004__5 Kroner_norway.jpg,"50 Cents,Canadian Dollar,canada"
126/010__5 Kroner_norway.jpg,"1 Krone,Norwegian Krone,norway"
126/020__5 Kroner_norway.jpg,"1 Krone,Norwegian Krone,norway"
126/034__5 Kroner_norway.jpg,"5 Kroner,Norwegian Krone,norway"
127/006__10 Kroner_norway.jpg,"10 Kroner,Norwegian Krone,norway"
127/014__10 Kroner_norway.jpg,"10 Kroner,Norwegian Krone,norway"
127/029__10 Kroner_norway.jpg,"10 Kroner,Norwegian Krone,norway"
127/033__10 Kroner_norway.jpg,"10 Kroner,Norwegian Krone,norway"
128/003__20 Kroner_norway.jpg,"20 Kroner,Norwegian Krone,norway"
128/011__20 Kroner_norway.jpg,"20 Kroner,Norwegian Krone,norway"
128/029__20 Kroner_norway.jpg,"20 Kroner,Norwegian Krone,norway"
128/033__20 Kroner_norway.jpg,"20 Kroner,Norwegian Krone,norway"
129/011__1 Rupee_pakistan.jpg,"1 Rupee,Pakistan Rupee,pakistan"
129/014__1 Rupee_pakistan.jpg,"1 Rupee,Pakistan Rupee,pakistan"
129/020__1 Rupee_pakistan.jpg,"1 Rupee,Pakistan Rupee,pakistan"
129/029__1 Rupee_pakistan.jpg,"1 Rupee,Pakistan Rupee,pakistan"
13/003__1 Real_brazil.jpg,"1 Real,Brazilian Real,brazil"
13/007__1 Real_brazil.jpg,"1 Real,Brazilian Real,brazil"
13/010__1 Real_brazil.jpg,"1 Centavo,Brazilian Real,brazil"
13/027__1 Real_brazil.jpg,"1 Real,Brazilian Real,brazil"
130/009__2 Rupees_pakistan.jpg,"2 Rupees,Pakistan Rupee,pakistan"
130/012__2 Rupees_pakistan.jpg,"2 Rupees,Pakistan Rupee,pakistan"
130/017__2 Rupees_pakistan.jpg,"2 Rupees,Pakistan Rupee,pakistan"
130/022__2 Rupees_pakistan.jpg,"2 Rupees,Pakistan Rupee,pakistan"
131/016__5 Rupees_pakistan.jpg,"5 Rupees,Pakistan Rupee,pakistan"
131/021__5 Rupees_pakistan.jpg,"5 Rupees,Pakistan Rupee,pakistan"
131/025__5 Rupees_pakistan.jpg,"5 Rupees,Pakistan Rupee,pakistan"
131/032__5 Rupees_pakistan.jpg,"5 Rupees,Pakistan Rupee,pakistan"
132/016__10 Rupees_pakistan.jpg,"10 Rupees,Pakistan Rupee,pakistan"
132/027__10 Rupees_pakistan.jpg,"10 Rupees,Pakistan Rupee,pakistan"
132/029__10 Rupees_pakistan.jpg,"10 Rupees,Pakistan Rupee,pakistan"
132/031__10 Rupees_pakistan.jpg,"10 Rupees,Pakistan Rupee,pakistan"
133/003__1 Sentimo_philippines.jpg,"1 Sentimo,Philipine peso,philippines"
133/010__1 Sentimo_philippines.jpg,"1 Piso,Philipine peso,philippines"
133/011__1 Sentimo_philippines.jpg,"1 Sentimo,Philipine peso,philippines"
133/021__1 Sentimo_philippines.jpg,"1 Dollar,Hong Kong dollar,hong_kong"
134/001__5 Sentimos_philippines.jpg,"5 Sentimos,Philipine peso,philippines"
134/006__5 Sentimos_philippines.jpg,"5 Sentimos,Philipine peso,philippines"
134/028__5 Sentimos_philippines.jpg,"5 Sentimos,Philipine peso,philippines"
134/029__5 Sentimos_philippines.jpg,"5 Sentimos,Philipine peso,philippines"
135/021__10 Sentimos_philippines.jpg,"10 Sentimos,Philipine peso,philippines"
135/022__10 Sentimos_philippines.jpg,"10 Sentimos,Philipine peso,philippines"
135/023__10 Sentimos_philippines.jpg,"10 Sentimos,Philipine peso,philippines"
135/030__10 Sentimos_philippines.jpg,"10 Sentimos,Philipine peso,philippines"
136/003__25 Sentimos_philippines.jpg,"25 Sentimos,Philipine peso,philippines"
136/010__25 Sentimos_philippines.jpg,"25 Sentimos,Philipine peso,philippines"
136/014__25 Sentimos_philippines.jpg,"25 Sentimos,Philipine peso,philippines"
136/016__25 Sentimos_philippines.jpg,"25 Sentimos,Philipine peso,philippines"
137/001__1 Piso_philippines.jpg,"1 Piso,Philipine peso,philippines"
137/004__1 Piso_philippines.jpg,"1 Piso,Philipine peso,philippines"
137/023__1 Piso_philippines.jpg,"1 Piso,Philipine peso,philippines"
137/024__1 Piso_philippines.jpg,"1 Piso,Philipine peso,philippines"
138/007__5 Piso_philippines.jpg,"5 Piso,Philipine peso,philippines"
138/011__5 Piso_philippines.jpg,"5 Piso,Philipine peso,philippines"
138/012__5 Piso_philippines.jpg,"5 Piso,Philipine peso,philippines"
138/026__5 Piso_philippines.jpg,"5 Piso,Philipine peso,philippines"
139/001__10 Piso_philippines.jpg,"10 Piso,Philipine peso,philippines"
139/002__10 Piso_philippines.jpg,"10 Piso,Philipine peso,philippines"
139/018__10 Piso_philippines.jpg,"10 Piso,Philipine peso,philippines"
139/020__10 Piso_philippines.jpg,"10 Piso,Philipine peso,philippines"
14/002__1 Penny_united_kingdom.jpg,"1 Penny,British Pound,united_kingdom"
14/023__1 Penny_united_kingdom.jpg,"1 Penny,British Pound,united_kingdom"
14/024__1 Penny_united_kingdom.jpg,"1 Penny,British Pound,united_kingdom"
14/033__1 Penny_united_kingdom.jpg,"1 Penny,British Pound,united_kingdom"
140/005__1 Grosz_poland.jpg,"1 Grosz,Polish Zloty,poland"
140/011__1 Grosz_poland.jpg,"1 Grosz,Polish Zloty,poland"
140/015__1 Grosz_poland.jpg,"2 Grosze,Polish Zloty,poland"
140/026__1 Grosz_poland.jpg,"1 Grosz,Polish Zloty,poland"
141/004__2 Grosze_poland.jpg,"2 Grosze,Polish Zloty,poland"
141/015__2 Grosze_poland.jpg,"2 Grosze,Polish Zloty,poland"
141/020__2 Grosze_poland.jpg,"2 Grosze,Polish Zloty,poland"
141/021__2 Grosze_poland.jpg,"2 Grosze,Polish Zloty,poland"
142/001__5 Groszy_poland.jpg,"1 Grosz,Polish Zloty,poland"
142/008__5 Groszy_poland.jpg,"5 Groszy,Polish Zloty,poland"
142/014__5 Groszy_poland.jpg,"5 Groszy,Polish Zloty,poland"
142/027__5 Groszy_poland.jpg,"2 Grosze,Polish Zloty,poland"
143/001__10 Groszy_poland.jpg,"10 Kurus,Turkish Lira,turkey"
143/006__10 Groszy_poland.jpg,"10 Groszy,Polish Zloty,poland"
143/011__10 Groszy_poland.jpg,"10 Groszy,Polish Zloty,poland"
143/012__10 Groszy_poland.jpg,"10 Groszy,Polish Zloty,poland"
144/001__20 Groszy_poland.jpg,"10 Groszy,Polish Zloty,poland"
144/014__20 Groszy_poland.jpg,"50 Groszy,Polish Zloty,poland"
144/019__20 Groszy_poland.jpg,"20 Groszy,Polish Zloty,poland"
144/027__20 Groszy_poland.jpg,"10 Groszy,Polish Zloty,poland"
145/003__50 Groszy_poland.jpg,"50 Groszy,Polish Zloty,poland"
145/006__50 Groszy_poland.jpg,"5 Groszy,Polish Zloty,poland"
145/007__50 Groszy_poland.jpg,"50 Groszy,Polish Zloty,poland"
145/034__50 Groszy_poland.jpg,"50 Groszy,Polish Zloty,poland"
146/008__1 Zloty_poland.jpg,"1 Zloty,Polish Zloty,poland"
146/027__1 Zloty_poland.jpg,"1 Zloty,Polish Zloty,poland"
146/033__1 Zloty_poland.jpg,"2 Zlote,Polish Zloty,poland"
146/035__1 Zloty_poland.jpg,"50 Groszy,Polish Zloty,poland"
147/015__2 Zlote_poland.jpg,"1 Grosz,Polish Zloty,poland"
147/018__2 Zlote_poland.jpg,"2 Zlote,Polish Zloty,poland"
147/025__2 Zlote_poland.jpg,"20 Groszy,Polish Zloty,poland"
147/032__2 Zlote_poland.jpg,"2 Zlote,Polish Zloty,poland"
148/001__5 Zlotych_poland.jpg,"5 Zlotych,Polish Zloty,poland"
148/031__5 Zlotych_poland.jpg,"5 Zlotych,Polish Zloty,poland"
148/034__5 Zlotych_poland.jpg,"5 Zlotych,Polish Zloty,poland"
148/036__5 Zlotych_poland.jpg,"5 Zlotych,Polish Zloty,poland"
149/004__1 Kopek_russia.jpg,"1 Kopek,Russian Ruble,russia"
149/018__1 Kopek_russia.jpg,"1 Kopek,Russian Ruble,russia"
149/019__1 Kopek_russia.jpg,"1 Kopek,Russian Ruble,russia"
149/036__1 Kopek_russia.jpg,"1 Kopek,Russian Ruble,russia"
15/012__2 Pence_united_kingdom.jpg,"2 Pence,British Pound,united_kingdom"
15/013__2 Pence_united_kingdom.jpg,"2 Pence,British Pound,united_kingdom"
15/014__2 Pence_united_kingdom.jpg,"2 Pence,British Pound,united_kingdom"
15/018__2 Pence_united_kingdom.jpg,"2 Pence,British Pound,united_kingdom"
150/003__5 Kopeks_russia.jpg,"1 Kopek,Russian Ruble,russia"
150/009__5 Kopeks_russia.jpg,"1 Kopek,Russian Ruble,russia"
150/030__5 Kopeks_russia.jpg,"5 Kopeks,Russian Ruble,russia"
150/035__5 Kopeks_russia.jpg,"1 Kopek,Russian Ruble,russia"
151/004__10 Kopeks_russia.jpg,"10 Kopeks,Russian Ruble,russia"
151/015__10 Kopeks_russia.jpg,"50 Cents,Australian dollar,australia"
151/016__10 Kopeks_russia.jpg,"50 Kopeks,Russian Ruble,russia"
151/025__10 Kopeks_russia.jpg,"50 Kopeks,Russian Ruble,russia"
152/002__50 Kopeks_russia.jpg,"50 Kopeks,Russian Ruble,russia"
152/006__50 Kopeks_russia.jpg,"2 Baht,Thai Baht,thailand"
152/007__50 Kopeks_russia.jpg,"50 Kopeks,Russian Ruble,russia"
152/015__50 Kopeks_russia.jpg,"50 Kopeks,Russian Ruble,russia"
153/013__1 Ruble_russia.jpg,"1 Ruble,Russian Ruble,russia"
153/025__1 Ruble_russia.jpg,"1 Ruble,Russian Ruble,russia"
153/030__1 Ruble_russia.jpg,"1 Ruble,Russian Ruble,russia"
153/036__1 Ruble_russia.jpg,"1 Ruble,Russian Ruble,russia"
154/005__2 Rubles_russia.jpg,"2 Rubles,Russian Ruble,russia"
154/019__2 Rubles_russia.jpg,"2 Rubles,Russian Ruble,russia"
154/033__2 Rubles_russia.jpg,"2 Rubles,Russian Ruble,russia"
154/036__2 Rubles_russia.jpg,"2 Rubles,Russian Ruble,russia"
155/001__5 Rubles_russia.jpg,"100 Rupiah,Indonesian Rupiah,indonesia"
155/005__5 Rubles_russia.jpg,"2 Rubles,Russian Ruble,russia"
155/024__5 Rubles_russia.jpg,"10 Cents,Canadian Dollar,canada"
155/032__5 Rubles_russia.jpg,"5 Rubles,Russian Ruble,russia"
156/001__10 Rubles_russia.jpg,"10 Rubles,Russian Ruble,russia"
156/005__10 Rubles_russia.jpg,"10 Rubles,Russian Ruble,russia"
156/014__10 Rubles_russia.jpg,"10 Rubles,Russian Ruble,russia"
156/017__10 Rubles_russia.jpg,"1 Grosz,Polish Zloty,poland"
157/011__1 Cent_singapore.jpg,"1 Cent,Singapore Dollar,singapore"
157/013__1 Cent_singapore.jpg,"1 Cent,Singapore Dollar,singapore"
157/014__1 Cent_singapore.jpg,"1 Cent,Singapore Dollar,singapore"
157/029__1 Cent_singapore.jpg,"1 Cent,Singapore Dollar,singapore"
158/008__5 Cents_singapore.jpg,"5 Cents,Singapore Dollar,singapore"
158/023__5 Cents_singapore.jpg,"5 Cents,Singapore Dollar,singapore"
158/028__5 Cents_singapore.jpg,"5 Cents,Singapore Dollar,singapore"
158/033__5 Cents_singapore.jpg,"5 Cents,Singapore Dollar,singapore"
159/002__10 Cents_singapore.jpg,"10 Cents,Singapore Dollar,singapore"
159/014__10 Cents_singapore.jpg,"10 Cents,Singapore Dollar,singapore"
159/017__10 Cents_singapore.jpg,"10 Cents,Singapore Dollar,singapore"
159/036__10 Cents_singapore.jpg,"10 Cents,Singapore Dollar,singapore"
16/001__5 Pence_united_kingdom.jpg,"10 Rappen,Swiss Franc,switzerland"
16/014__5 Pence_united_kingdom.jpg,"5 Pence,British Pound,united_kingdom"
16/015__5 Pence_united_kingdom.jpg,"5 Pence,British Pound,united_kingdom"
16/021__5 Pence_united_kingdom.jpg,"5 Pence,British Pound,united_kingdom"
160/001__20 Cents_singapore.jpg,"20 Cents,Singapore Dollar,singapore"
160/010__20 Cents_singapore.jpg,"20 Cents,Singapore Dollar,singapore"
160/033__20 Cents_singapore.jpg,"20 Cents,Singapore Dollar,singapore"
160/035__20 Cents_singapore.jpg,"20 Sen,Malaysian Ringgit,malaysia"
161/006__50 Cents_singapore.jpg,"50 Cents,Singapore Dollar,singapore"
161/020__50 Cents_singapore.jpg,"50 Cents,Singapore Dollar,singapore"
161/029__50 Cents_singapore.jpg,"50 Cents,Singapore Dollar,singapore"
161/032__50 Cents_singapore.jpg,"50 Cents,Singapore Dollar,singapore"
162/014__1 Dollar_singapore.jpg,"1 Dollar,Singapore Dollar,singapore"
162/029__1 Dollar_singapore.jpg,"1 Dollar,Singapore Dollar,singapore"
162/032__1 Dollar_singapore.jpg,"1 Dollar,Singapore Dollar,singapore"
162/034__1 Dollar_singapore.jpg,"1 Dollar,Singapore Dollar,singapore"
163/001__5 Dollars_singapore.jpg,"5 Zlotych,Polish Zloty,poland"
163/005__5 Dollars_singapore.jpg,"5 Cents,Singapore Dollar,singapore"
163/006__5 Dollars_singapore.jpg,"50 Cents,Canadian Dollar,canada"
163/007__5 Dollars_singapore.jpg,"1 Dollar,New Zealand dollar,new_zealand"
164/008__5 Cents_south_africa.jpg,"5 Cents,South African Rand,south_africa"
164/009__5 Cents_south_africa.jpg,"50 Paise,Indian Rupee,india"
164/010__5 Cents_south_africa.jpg,"5 Cents,South African Rand,south_africa"
164/019__5 Cents_south_africa.jpg,"5 Cents,South African Rand,south_africa"
165/006__10 Cents_south_africa.jpg,"10 Cents,South African Rand,south_africa"
165/031__10 Cents_south_africa.jpg,"10 Cents,South African Rand,south_africa"
165/033__10 Cents_south_africa.jpg,"20 Cents,New Zealand dollar,new_zealand"
165/034__10 Cents_south_africa.jpg,"10 Cents,South African Rand,south_africa"
166/001__20 Cents_south_africa.jpg,"20 Cents,South African Rand,south_africa"
166/005__20 Cents_south_africa.jpg,"20 Cents,South African Rand,south_africa"
166/012__20 Cents_south_africa.jpg,"20 Cents,South African Rand,south_africa"
166/032__20 Cents_south_africa.jpg,"20 Cents,South African Rand,south_africa"
167/011__50 Cents_south_africa.jpg,"1 Dollar,Singapore Dollar,singapore"
167/023__50 Cents_south_africa.jpg,"50 Cents,South African Rand,south_africa"
167/024__50 Cents_south_africa.jpg,"50 Cents,South African Rand,south_africa"
167/032__50 Cents_south_africa.jpg,"50 Cents,South African Rand,south_africa"
168/001__1 Rand_south_africa.jpg,"5 Rand,South African Rand,south_africa"
168/030__1 Rand_south_africa.jpg,"20 Hellers,Czech Koruna,czech_republic"
168/032__1 Rand_south_africa.jpg,"1 Rand,South African Rand,south_africa"
168/033__1 Rand_south_africa.jpg,"1 Rand,South African Rand,south_africa"
169/004__2 Rand_south_africa.jpg,"1 Rand,South African Rand,south_africa"
169/016__2 Rand_south_africa.jpg,"2 Rand,South African Rand,south_africa"
169/022__2 Rand_south_africa.jpg,"2 Rand,South African Rand,south_africa"
169/031__2 Rand_south_africa.jpg,"2 Rand,South African Rand,south_africa"
17/004__10 Pence_united_kingdom.jpg,"10 Pence,British Pound,united_kingdom"
17/026__10 Pence_united_kingdom.jpg,"10 Pence,British Pound,united_kingdom"
17/030__10 Pence_united_kingdom.jpg,"2 Pence,British Pound,united_kingdom"
17/032__10 Pence_united_kingdom.jpg,"10 Pence,British Pound,united_kingdom"
170/001__5 Rand_south_africa.jpg,"5 Rand,South African Rand,south_africa"
170/007__5 Rand_south_africa.jpg,"5 Rand,South African Rand,south_africa"
170/011__5 Rand_south_africa.jpg,"5 Rand,South African Rand,south_africa"
170/032__5 Rand_south_africa.jpg,"5 Rand,South African Rand,south_africa"
171/004__10 Ore_sweden.jpg,"10 Ore,Swedish Krona,sweden"
171/006__10 Ore_sweden.jpg,"10 Ore,Swedish Krona,sweden"
171/023__10 Ore_sweden.jpg,"10 Agorot,Israeli New Shekel,israel"
171/036__10 Ore_sweden.jpg,"10 Won,Korean Won,south_korea"
172/014__50 Ore_sweden.jpg,"50 Ore,Swedish Krona,sweden"
172/015__50 Ore_sweden.jpg,"50 Ore,Swedish Krona,sweden"
172/018__50 Ore_sweden.jpg,"50 Ore,Swedish Krona,sweden"
172/019__50 Ore_sweden.jpg,"50 Ore,Swedish Krona,sweden"
173/011__1 Krona_sweden.jpg,"1 Cent,Singapore Dollar,singapore"
173/015__1 Krona_sweden.jpg,"1 Krona,Swedish Krona,sweden"
173/016__1 Krona_sweden.jpg,"1 Krona,Swedish Krona,sweden"
173/027__1 Krona_sweden.jpg,"1 Krona,Swedish Krona,sweden"
174/003__2 Kronor_sweden.jpg,"1 Cent,US Dollar,usa"
174/017__2 Kronor_sweden.jpg,"10 Pence,British Pound,united_kingdom"
174/028__2 Kronor_sweden.jpg,"2 Kronor,Swedish Krona,sweden"
174/036__2 Kronor_sweden.jpg,"2 Kronor,Swedish Krona,sweden"
175/016__5 Kronor_sweden.jpg,"5 Kronor,Swedish Krona,sweden"
175/022__5 Kronor_sweden.jpg,"5 Kronor,Swedish Krona,sweden"
175/028__5 Kronor_sweden.jpg,"5 Kronor,Swedish Krona,sweden"
175/035__5 Kronor_sweden.jpg,"5 Kronor,Swedish Krona,sweden"
176/003__10 Kronor_sweden.jpg,"10 Kronor,Swedish Krona,sweden"
176/010__10 Kronor_sweden.jpg,"10 Kronor,Swedish Krona,sweden"
176/014__10 Kronor_sweden.jpg,"10 Kronor,Swedish Krona,sweden"
176/020__10 Kronor_sweden.jpg,"10 Kroner,Danish Krone,denmark"
177/005__1 Rappen_switzerland.jpg,"1 Rappen,Swiss Franc,switzerland"
177/019__1 Rappen_switzerland.jpg,"1 Rappen,Swiss Franc,switzerland"
177/031__1 Rappen_switzerland.jpg,"1 Rappen,Swiss Franc,switzerland"
177/036__1 Rappen_switzerland.jpg,"1 Rappen,Swiss Franc,switzerland"
178/013__5 Rappen_switzerland.jpg,"5 Rappen,Swiss Franc,switzerland"
178/024__5 Rappen_switzerland.jpg,"5 Rappen,Swiss Franc,switzerland"
178/031__5 Rappen_switzerland.jpg,"5 Rappen,Swiss Franc,switzerland"
178/034__5 Rappen_switzerland.jpg,"5 Rappen,Swiss Franc,switzerland"
179/013__10 Rappen_switzerland.jpg,"10 Rappen,Swiss Franc,switzerland"
179/015__10 Rappen_switzerland.jpg,"10 Rappen,Swiss Franc,switzerland"
179/016__10 Rappen_switzerland.jpg,"10 Rappen,Swiss Franc,switzerland"
179/027__10 Rappen_switzerland.jpg,"5 Rappen,Swiss Franc,switzerland"
18/003__20 Pence_united_kingdom.jpg,"20 Pence,British Pound,united_kingdom"
18/004__20 Pence_united_kingdom.jpg,"20 Pence,British Pound,united_kingdom"
18/042__20 Pence_united_kingdom.jpg,"20 Pence,British Pound,united_kingdom"
18/059__20 Pence_united_kingdom.jpg,"20 Pence,British Pound,united_kingdom"
180/006__20 Rappen_switzerland.jpg,"20 Rappen,Swiss Franc,switzerland"
180/016__20 Rappen_switzerland.jpg,"20 Rappen,Swiss Franc,switzerland"
180/017__20 Rappen_switzerland.jpg,"20 Rappen,Swiss Franc,switzerland"
180/031__20 Rappen_switzerland.jpg,"20 Rappen,Swiss Franc,switzerland"
181/003__1 2 Franc_switzerland.jpg,"1 Franc,Swiss Franc,switzerland"
181/006__1 2 Franc_switzerland.jpg,"1 2 Franc,Swiss Franc,switzerland"
181/010__1 2 Franc_switzerland.jpg,"1 2 Franc,Swiss Franc,switzerland"
181/019__1 2 Franc_switzerland.jpg,"1 2 Franc,Swiss Franc,switzerland"
182/001__1 Franc_switzerland.jpg,"2 Francs,Swiss Franc,switzerland"
182/002__1 Franc_switzerland.jpg,"2 Francs,Swiss Franc,switzerland"
182/009__1 Franc_switzerland.jpg,"2 Francs,Swiss Franc,switzerland"
182/019__1 Franc_switzerland.jpg,"2 Francs,Swiss Franc,switzerland"
183/009__2 Francs_switzerland.jpg,"2 Francs,Swiss Franc,switzerland"
183/010__2 Francs_switzerland.jpg,"2 Francs,Swiss Franc,switzerland"
183/015__2 Francs_switzerland.jpg,"2 Francs,Swiss Franc,switzerland"
183/022__2 Francs_switzerland.jpg,"2 Francs,Swiss Franc,switzerland"
184/020__5 Francs_switzerland.jpg,"5 Francs,Swiss Franc,switzerland"
184/021__5 Francs_switzerland.jpg,"50 Forint,Hungarian Forint,hungary"
184/023__5 Francs_switzerland.jpg,"2 Baht,Thai Baht,thailand"
184/025__5 Francs_switzerland.jpg,"5 Francs,Swiss Franc,switzerland"
185/015__1 2 Dollar_taiwan.jpg,"1 2 Dollar,taiwan Dollar,taiwan"
185/016__1 2 Dollar_taiwan.jpg,"1 2 Dollar,taiwan Dollar,taiwan"
185/018__1 2 Dollar_taiwan.jpg,"1 2 Dollar,taiwan Dollar,taiwan"
185/023__1 2 Dollar_taiwan.jpg,"1 2 Dollar,taiwan Dollar,taiwan"
186/009__1 Dollar_taiwan.jpg,"1 Dollar,taiwan Dollar,taiwan"
186/020__1 Dollar_taiwan.jpg,"1 Dollar,taiwan Dollar,taiwan"
186/023__1 Dollar_taiwan.jpg,"10 Dollars,taiwan Dollar,taiwan"
186/026__1 Dollar_taiwan.jpg,"1 2 Dollar,taiwan Dollar,taiwan"
187/007__5 Dollars_taiwan.jpg,"5 Dollars,taiwan Dollar,taiwan"
187/012__5 Dollars_taiwan.jpg,"10 Dollars,taiwan Dollar,taiwan"
187/017__5 Dollars_taiwan.jpg,"5 Dollars,taiwan Dollar,taiwan"
187/034__5 Dollars_taiwan.jpg,"5 Dollars,taiwan Dollar,taiwan"
188/011__10 Dollars_taiwan.jpg,"5 Dollars,taiwan Dollar,taiwan"
188/025__10 Dollars_taiwan.jpg,"50 Cents,New Zealand dollar,new_zealand"
188/026__10 Dollars_taiwan.jpg,"10 Dollars,taiwan Dollar,taiwan"
188/028__10 Dollars_taiwan.jpg,"10 Dollars,taiwan Dollar,taiwan"
189/006__20 Dollars_taiwan.jpg,"20 Dollars,taiwan Dollar,taiwan"
189/018__20 Dollars_taiwan.jpg,"20 Dollars,taiwan Dollar,taiwan"
189/027__20 Dollars_taiwan.jpg,"20 Dollars,taiwan Dollar,taiwan"
189/029__20 Dollars_taiwan.jpg,"20 Dollars,taiwan Dollar,taiwan"
19/003__50 Pence_united_kingdom.jpg,"50 Pence,British Pound,united_kingdom"
19/042__50 Pence_united_kingdom.jpg,"50 Pence,British Pound,united_kingdom"
19/048__50 Pence_united_kingdom.jpg,"50 Pence,British Pound,united_kingdom"
19/052__50 Pence_united_kingdom.jpg,"50 Pence,British Pound,united_kingdom"
190/005__50 Dollars_taiwan.jpg,"50 Dollars,taiwan Dollar,taiwan"
190/015__50 Dollars_taiwan.jpg,"50 Dollars,taiwan Dollar,taiwan"
190/016__50 Dollars_taiwan.jpg,"50 Dollars,taiwan Dollar,taiwan"
190/024__50 Dollars_taiwan.jpg,"50 Dollars,taiwan Dollar,taiwan"
191/009__1 Satang_thailand.jpg,"5 Satang,Thai Baht,thailand"
191/015__1 Satang_thailand.jpg,"1 Satang,Thai Baht,thailand"
191/028__1 Satang_thailand.jpg,"1 Satang,Thai Baht,thailand"
191/030__1 Satang_thailand.jpg,"50 Satang,Thai Baht,thailand"
192/002__5 Satang_thailand.jpg,"5 Satang,Thai Baht,thailand"
192/003__5 Satang_thailand.jpg,"5 Satang,Thai Baht,thailand"
192/018__5 Satang_thailand.jpg,"1 Satang,Thai Baht,thailand"
192/023__5 Satang_thailand.jpg,"10 Satang,Thai Baht,thailand"
193/005__10 Satang_thailand.jpg,"10 Satang,Thai Baht,thailand"
193/010__10 Satang_thailand.jpg,"10 Dollars,taiwan Dollar,taiwan"
193/032__10 Satang_thailand.jpg,"5 Satang,Thai Baht,thailand"
193/036__10 Satang_thailand.jpg,"5 Satang,Thai Baht,thailand"
194/005__25 Satang_thailand.jpg,"25 Satang,Thai Baht,thailand"
194/011__25 Satang_thailand.jpg,"25 Satang,Thai Baht,thailand"
194/030__25 Satang_thailand.jpg,"25 Satang,Thai Baht,thailand"
194/036__25 Satang_thailand.jpg,"25 Satang,Thai Baht,thailand"
195/007__50 Satang_thailand.jpg,"50 Satang,Thai Baht,thailand"
195/008__50 Satang_thailand.jpg,"50 Satang,Thai Baht,thailand"
195/009__50 Satang_thailand.jpg,"50 Satang,Thai Baht,thailand"
195/030__50 Satang_thailand.jpg,"50 Satang,Thai Baht,thailand"
196/011__1 Baht_thailand.jpg,"1 Baht,Thai Baht,thailand"
196/016__1 Baht_thailand.jpg,"1 Baht,Thai Baht,thailand"
196/030__1 Baht_thailand.jpg,"1 Baht,Thai Baht,thailand"
196/034__1 Baht_thailand.jpg,"1 Baht,Thai Baht,thailand"
197/001__2 Baht_thailand.jpg,"2 Baht,Thai Baht,thailand"
197/011__2 Baht_thailand.jpg,"2 Baht,Thai Baht,thailand"
197/016__2 Baht_thailand.jpg,"2 Baht,Thai Baht,thailand"
197/034__2 Baht_thailand.jpg,"2 Baht,Thai Baht,thailand"
198/002__5 Baht_thailand.jpg,"5 Baht,Thai Baht,thailand"
198/021__5 Baht_thailand.jpg,"5 Baht,Thai Baht,thailand"
198/026__5 Baht_thailand.jpg,"5 Baht,Thai Baht,thailand"
198/030__5 Baht_thailand.jpg,"5 Baht,Thai Baht,thailand"
199/004__10 Baht_thailand.jpg,"10 Baht,Thai Baht,thailand"
199/018__10 Baht_thailand.jpg,"10 Baht,Thai Baht,thailand"
199/030__10 Baht_thailand.jpg,"1000 Rupiah,Indonesian Rupiah,indonesia"
199/031__10 Baht_thailand.jpg,"10 Baht,Thai Baht,thailand"
2/008__2 Cents_australia.jpg,"2 Cents,Australian dollar,australia"
2/016__2 Cents_australia.jpg,"2 Cents,Australian dollar,australia"
2/023__2 Cents_australia.jpg,"2 Cents,Australian dollar,australia"
2/025__2 Cents_australia.jpg,"2 Cents,Australian dollar,australia"
20/015__1 Pound_united_kingdom.jpg,"50 Pence,British Pound,united_kingdom"
20/033__1 Pound_united_kingdom.jpg,"1 Pound,British Pound,united_kingdom"
20/049__1 Pound_united_kingdom.jpg,"1 Pound,British Pound,united_kingdom"
20/059__1 Pound_united_kingdom.jpg,"1 Pound,British Pound,united_kingdom"
200/017__1 Kurus_turkey.jpg,"1 Kurus,Turkish Lira,turkey"
200/021__1 Kurus_turkey.jpg,"1 Kurus,Turkish Lira,turkey"
200/023__1 Kurus_turkey.jpg,"10 Kurus,Turkish Lira,turkey"
200/029__1 Kurus_turkey.jpg,"10 Kroner,Norwegian Krone,norway"
201/005__5 Kurus_turkey.jpg,"5 Kurus,Turkish Lira,turkey"
201/024__5 Kurus_turkey.jpg,"5 Kurus,Turkish Lira,turkey"
201/028__5 Kurus_turkey.jpg,"10 Kurus,Turkish Lira,turkey"
201/031__5 Kurus_turkey.jpg,"1 Cent,Canadian Dollar,canada"
202/001__10 Kurus_turkey.jpg,"10 Kurus,Turkish Lira,turkey"
202/012__10 Kurus_turkey.jpg,"10 Kurus,Turkish Lira,turkey"
202/013__10 Kurus_turkey.jpg,"1 Sen,Malaysian Ringgit,malaysia"
202/024__10 Kurus_turkey.jpg,"10 Kurus,Turkish Lira,turkey"
203/013__25 Kurus_turkey.jpg,"25 Kurus,Turkish Lira,turkey"
203/019__25 Kurus_turkey.jpg,"25 Kurus,Turkish Lira,turkey"
203/031__25 Kurus_turkey.jpg,"1 Centavo,Brazilian Real,brazil"
203/033__25 Kurus_turkey.jpg,"10 Sentimos,Philipine peso,philippines"
204/005__50 Kurus_turkey.jpg,"50 Kurus,Turkish Lira,turkey"
204/010__50 Kurus_turkey.jpg,"50 Kurus,Turkish Lira,turkey"
204/023__50 Kurus_turkey.jpg,"50 Kurus,Turkish Lira,turkey"
204/036__50 Kurus_turkey.jpg,"50 Kurus,Turkish Lira,turkey"
205/007__1 Lira_turkey.jpg,"1 Lira,Turkish Lira,turkey"
205/008__1 Lira_turkey.jpg,"1 Euro,Euro,spain"
205/011__1 Lira_turkey.jpg,"1 Lira,Turkish Lira,turkey"
205/024__1 Lira_turkey.jpg,"1 Lira,Turkish Lira,turkey"
206/004__1 Cent_usa.jpg,"1 Cent,US Dollar,usa"
206/006__1 Cent_usa.jpg,"1 Cent,US Dollar,usa"
206/010__1 Cent_usa.jpg,"1 Cent,US Dollar,usa"
206/025__1 Cent_usa.jpg,"1 Cent,US Dollar,usa"
207/002__5 Cents_usa.jpg,"5 Cents,US Dollar,usa"
207/005__5 Cents_usa.jpg,"5 Cents,US Dollar,usa"
207/009__5 Cents_usa.jpg,"5 Cents,US Dollar,usa"
207/014__5 Cents_usa.jpg,"5 Cents,US Dollar,usa"
208/004__1 Dime_usa.jpg,"1 Dime,US Dollar,usa"
208/010__1 Dime_usa.jpg,"2 Cents,Australian dollar,australia"
208/024__1 Dime_usa.jpg,"1 Dime,US Dollar,usa"
208/029__1 Dime_usa.jpg,"1 Dime,US Dollar,usa"
209/008__1 4 Dollar_usa.jpg,"1 4 Dollar,US Dollar,usa"
209/014__1 4 Dollar_usa.jpg,"1 4 Dollar,US Dollar,usa"
209/023__1 4 Dollar_usa.jpg,"1 4 Dollar,US Dollar,usa"
209/034__1 4 Dollar_usa.jpg,"1 4 Dollar,US Dollar,usa"
21/001__2 Pounds_united_kingdom.jpg,"2 Pounds,British Pound,united_kingdom"
21/026__2 Pounds_united_kingdom.jpg,"2 Pounds,British Pound,united_kingdom"
21/048__2 Pounds_united_kingdom.jpg,"2 Pounds,British Pound,united_kingdom"
21/059__2 Pounds_united_kingdom.jpg,"2 Pounds,British Pound,united_kingdom"
210/007__1 2 Dollar_usa.jpg,"1 2 Dollar,US Dollar,usa"
210/014__1 2 Dollar_usa.jpg,"50 Pence,British Pound,united_kingdom"
210/016__1 2 Dollar_usa.jpg,"1 2 Dollar,US Dollar,usa"
210/022__1 2 Dollar_usa.jpg,"1 2 Dollar,US Dollar,usa"
211/002__1 Dollar_usa.jpg,"1 Dollar,US Dollar,usa"
211/005__1 Dollar_usa.jpg,"1 Dollar,US Dollar,usa"
211/013__1 Dollar_usa.jpg,"1 Dollar,US Dollar,usa"
211/015__1 Dollar_usa.jpg,"1 Dollar,US Dollar,usa"
22/012__1 Cent_canada.jpg,"1 Cent,Canadian Dollar,canada"
22/023__1 Cent_canada.jpg,"10 Cents,Hong Kong dollar,hong_kong"
22/045__1 Cent_canada.jpg,"1 Cent,Canadian Dollar,canada"
22/047__1 Cent_canada.jpg,"1 Cent,Canadian Dollar,canada"
23/030__5 Cents_canada.jpg,"5 Cents,Canadian Dollar,canada"
23/046__5 Cents_canada.jpg,"5 Kronor,Swedish Krona,sweden"
23/047__5 Cents_canada.jpg,"5 Cents,Canadian Dollar,canada"
23/057__5 Cents_canada.jpg,"5 Cents,Canadian Dollar,canada"
24/020__10 Cents_canada.jpg,"10 Cents,Canadian Dollar,canada"
24/024__10 Cents_canada.jpg,"10 Cents,Canadian Dollar,canada"
24/036__10 Cents_canada.jpg,"10 Cents,Canadian Dollar,canada"
24/049__10 Cents_canada.jpg,"10 Cents,Canadian Dollar,canada"
25/028__25 Cents_canada.jpg,"25 Cents,Canadian Dollar,canada"
25/030__25 Cents_canada.jpg,"25 Cents,Canadian Dollar,canada"
25/052__25 Cents_canada.jpg,"25 Cents,Canadian Dollar,canada"
25/057__25 Cents_canada.jpg,"25 Cents,Canadian Dollar,canada"
26/010__50 Cents_canada.jpg,"50 Cents,Canadian Dollar,canada"
26/023__50 Cents_canada.jpg,"50 Cents,Canadian Dollar,canada"
26/045__50 Cents_canada.jpg,"50 Cents,Canadian Dollar,canada"
26/050__50 Cents_canada.jpg,"50 Cents,Canadian Dollar,canada"
27/002__1 Dollar_canada.jpg,"1 Dollar,Canadian Dollar,canada"
27/009__1 Dollar_canada.jpg,"1 Dollar,Canadian Dollar,canada"
27/034__1 Dollar_canada.jpg,"1 Dollar,Canadian Dollar,canada"
27/045__1 Dollar_canada.jpg,"1 Dollar,Canadian Dollar,canada"
28/001__2 Dollars_canada.jpg,"2 Dollars,Canadian Dollar,canada"
28/019__2 Dollars_canada.jpg,"2 Dollars,Canadian Dollar,canada"
28/053__2 Dollars_canada.jpg,"2 Dollars,Canadian Dollar,canada"
28/059__2 Dollars_canada.jpg,"2 Dollars,Canadian Dollar,canada"
29/030__1 Peso_chile.jpg,"5 Rand,South African Rand,south_africa"
29/041__1 Peso_chile.jpg,"1 Peso,Chilean Peso,chile"
29/045__1 Peso_chile.jpg,"5 Pesos,Chilean Peso,chile"
29/050__1 Peso_chile.jpg,"1 Peso,Chilean Peso,chile"
3/016__5 Cents_australia.jpg,"5 Cents,Australian dollar,australia"
3/019__5 Cents_australia.jpg,"1 Dollar,Australian dollar,australia"
3/022__5 Cents_australia.jpg,"5 Cents,Australian dollar,australia"
3/032__5 Cents_australia.jpg,"5 Cents,Australian dollar,australia"
30/014__5 Pesos_chile.jpg,"5 Pesos,Chilean Peso,chile"
30/028__5 Pesos_chile.jpg,"5 Pesos,Chilean Peso,chile"
30/030__5 Pesos_chile.jpg,"5 Pesos,Chilean Peso,chile"
30/038__5 Pesos_chile.jpg,"5 Kopeks,Russian Ruble,russia"
31/005__10 Pesos_chile.jpg,"10 Pesos,Chilean Peso,chile"
31/028__10 Pesos_chile.jpg,"10 Pesos,Chilean Peso,chile"
31/032__10 Pesos_chile.jpg,"10 Pesos,Chilean Peso,chile"
31/049__10 Pesos_chile.jpg,"10 Pesos,Chilean Peso,chile"
32/022__50 Pesos_chile.jpg,"50 Pesos,Chilean Peso,chile"
32/023__50 Pesos_chile.jpg,"50 Pesos,Chilean Peso,chile"
32/028__50 Pesos_chile.jpg,"50 Pesos,Chilean Peso,chile"
32/031__50 Pesos_chile.jpg,"50 Pesos,Chilean Peso,chile"
33/007__100 Pesos_chile.jpg,"100 Pesos,Chilean Peso,chile"
33/021__100 Pesos_chile.jpg,"100 Pesos,Chilean Peso,chile"
33/054__100 Pesos_chile.jpg,"100 Pesos,Chilean Peso,chile"
33/057__100 Pesos_chile.jpg,"100 Pesos,Chilean Peso,chile"
34/011__500 Pesos_chile.jpg,"500 Pesos,Chilean Peso,chile"
34/020__500 Pesos_chile.jpg,"500 Pesos,Chilean Peso,chile"
34/035__500 Pesos_chile.jpg,"500 Pesos,Chilean Peso,chile"
34/048__500 Pesos_chile.jpg,"500 Pesos,Chilean Peso,chile"
35/014__1 Jiao_china.jpg,"1 Jiao,Chinese Yuan Renminbi,china"
35/022__1 Jiao_china.jpg,"1 Jiao,Chinese Yuan Renminbi,china"
35/043__1 Jiao_china.jpg,"1 Jiao,Chinese Yuan Renminbi,china"
35/051__1 Jiao_china.jpg,"1 Jiao,Chinese Yuan Renminbi,china"
36/004__5 Jiao_china.jpg,"5 Jiao,Chinese Yuan Renminbi,china"
36/010__5 Jiao_china.jpg,"5 Jiao,Chinese Yuan Renminbi,china"
36/015__5 Jiao_china.jpg,"5 Jiao,Chinese Yuan Renminbi,china"
36/017__5 Jiao_china.jpg,"5 Jiao,Chinese Yuan Renminbi,china"
37/006__1 Yuan_china.jpg,"1 Yuan,Chinese Yuan Renminbi,china"
37/032__1 Yuan_china.jpg,"1 Yuan,Chinese Yuan Renminbi,china"
37/046__1 Yuan_china.jpg,"1 Yuan,Chinese Yuan Renminbi,china"
37/056__1 Yuan_china.jpg,"1 Yuan,Chinese Yuan Renminbi,china"
38/007__10 Hellers_czech_republic.jpg,"10 Hellers,Czech Koruna,czech_republic"
38/040__10 Hellers_czech_republic.jpg,"10 Hellers,Czech Koruna,czech_republic"
38/054__10 Hellers_czech_republic.jpg,"10 Hellers,Czech Koruna,czech_republic"
38/060__10 Hellers_czech_republic.jpg,"10 Hellers,Czech Koruna,czech_republic"
39/010__20 Hellers_czech_republic.jpg,"20 Hellers,Czech Koruna,czech_republic"
39/011__20 Hellers_czech_republic.jpg,"20 Hellers,Czech Koruna,czech_republic"
39/054__20 Hellers_czech_republic.jpg,"50 Hellers,Czech Koruna,czech_republic"
39/057__20 Hellers_czech_republic.jpg,"20 Hellers,Czech Koruna,czech_republic"
4/013__10 Cents_australia.jpg,"10 Cents,Australian dollar,australia"
4/018__10 Cents_australia.jpg,"10 Cents,Australian dollar,australia"
4/022__10 Cents_australia.jpg,"10 Cents,Australian dollar,australia"
4/032__10 Cents_australia.jpg,"10 Cents,Australian dollar,australia"
40/010__50 Hellers_czech_republic.jpg,"50 Hellers,Czech Koruna,czech_republic"
40/037__50 Hellers_czech_republic.jpg,"50 Hellers,Czech Koruna,czech_republic"
40/038__50 Hellers_czech_republic.jpg,"50 Hellers,Czech Koruna,czech_republic"
40/039__50 Hellers_czech_republic.jpg,"20 Hellers,Czech Koruna,czech_republic"
41/007__1 Koruna_czech_republic.jpg,"1 Koruna,Czech Koruna,czech_republic"
41/026__1 Koruna_czech_republic.jpg,"1 Koruna,Czech Koruna,czech_republic"
41/039__1 Koruna_czech_republic.jpg,"1 Koruna,Czech Koruna,czech_republic"
41/042__1 Koruna_czech_republic.jpg,"1 Koruna,Czech Koruna,czech_republic"
42/024__2 Koruny_czech_republic.jpg,"2 Koruny,Czech Koruna,czech_republic"
42/048__2 Koruny_czech_republic.jpg,"2 Koruny,Czech Koruna,czech_republic"
42/049__2 Koruny_czech_republic.jpg,"2 Koruny,Czech Koruna,czech_republic"
42/052__2 Koruny_czech_republic.jpg,"2 Koruny,Czech Koruna,czech_republic"
43/013__5 Korun_czech_republic.jpg,"5 Korun,Czech Koruna,czech_republic"
43/018__5 Korun_czech_republic.jpg,"5 Korun,Czech Koruna,czech_republic"
43/039__5 Korun_czech_republic.jpg,"5 Korun,Czech Koruna,czech_republic"
43/044__5 Korun_czech_republic.jpg,"5 Korun,Czech Koruna,czech_republic"
44/011__10 Korun_czech_republic.jpg,"10 Korun,Czech Koruna,czech_republic"
44/016__10 Korun_czech_republic.jpg,"10 Korun,Czech Koruna,czech_republic"
44/021__10 Korun_czech_republic.jpg,"10 Korun,Czech Koruna,czech_republic"
44/025__10 Korun_czech_republic.jpg,"10 Korun,Czech Koruna,czech_republic"
45/013__20 Korun_czech_republic.jpg,"20 Korun,Czech Koruna,czech_republic"
45/014__20 Korun_czech_republic.jpg,"20 Korun,Czech Koruna,czech_republic"
45/026__20 Korun_czech_republic.jpg,"20 Korun,Czech Koruna,czech_republic"
45/030__20 Korun_czech_republic.jpg,"20 Korun,Czech Koruna,czech_republic"
46/001__50 Korun_czech_republic.jpg,"50 Korun,Czech Koruna,czech_republic"
46/022__50 Korun_czech_republic.jpg,"50 Korun,Czech Koruna,czech_republic"
46/023__50 Korun_czech_republic.jpg,"50 Korun,Czech Koruna,czech_republic"
46/035__50 Korun_czech_republic.jpg,"50 Korun,Czech Koruna,czech_republic"
47/006__25 Ore_denmark.jpg,"25 Ore,Danish Krone,denmark"
47/019__25 Ore_denmark.jpg,"25 Ore,Danish Krone,denmark"
47/030__25 Ore_denmark.jpg,"25 Ore,Danish Krone,denmark"
47/035__25 Ore_denmark.jpg,"2 Kroner,Danish Krone,denmark"
48/014__50 Ore_denmark.jpg,"50 Ore,Danish Krone,denmark"
48/026__50 Ore_denmark.jpg,"50 Ore,Danish Krone,denmark"
48/028__50 Ore_denmark.jpg,"50 Ore,Danish Krone,denmark"
48/035__50 Ore_denmark.jpg,"50 Ore,Danish Krone,denmark"
49/010__1 Krone_denmark.jpg,"1 Krone,Danish Krone,denmark"
49/032__1 Krone_denmark.jpg,"10 Cents,Canadian Dollar,canada"
49/033__1 Krone_denmark.jpg,"2 Kroner,Danish Krone,denmark"
49/035__1 Krone_denmark.jpg,"1 Krone,Danish Krone,denmark"
5/009__20 Cents_australia.jpg,"20 Cents,Australian dollar,australia"
5/020__20 Cents_australia.jpg,"20 Cents,Australian dollar,australia"
5/021__20 Cents_australia.jpg,"20 Cents,Australian dollar,australia"
5/022__20 Cents_australia.jpg,"1 Dollar,Australian dollar,australia"
50/003__2 Kroner_denmark.jpg,"5 Kroner,Danish Krone,denmark"
50/020__2 Kroner_denmark.jpg,"5 Kroner,Danish Krone,denmark"
50/026__2 Kroner_denmark.jpg,"2 Kroner,Danish Krone,denmark"
50/035__2 Kroner_denmark.jpg,"1 Krone,Danish Krone,denmark"
51/019__5 Kroner_denmark.jpg,"5 Kroner,Danish Krone,denmark"
51/027__5 Kroner_denmark.jpg,"5 Kroner,Danish Krone,denmark"
51/028__5 Kroner_denmark.jpg,"5 Kroner,Danish Krone,denmark"
51/030__5 Kroner_denmark.jpg,"5 Kroner,Danish Krone,denmark"
52/002__10 Kroner_denmark.jpg,"10 Kroner,Danish Krone,denmark"
52/003__10 Kroner_denmark.jpg,"10 Kroner,Danish Krone,denmark"
52/023__10 Kroner_denmark.jpg,"20 Kroner,Danish Krone,denmark"
52/035__10 Kroner_denmark.jpg,"10 Kroner,Danish Krone,denmark"
53/014__20 Kroner_denmark.jpg,"20 Kroner,Danish Krone,denmark"
53/021__20 Kroner_denmark.jpg,"20 Kroner,Danish Krone,denmark"
53/023__20 Kroner_denmark.jpg,"20 Kroner,Danish Krone,denmark"
53/032__20 Kroner_denmark.jpg,"10 Kroner,Danish Krone,denmark"
54/013__1 euro Cent_spain.jpg,"1 euro Cent,Euro,spain"
54/025__1 euro Cent_spain.jpg,"1 Euro,Euro,spain"
54/028__1 euro Cent_spain.jpg,"5 euro Cent,Euro,spain"
54/030__1 euro Cent_spain.jpg,"5 euro Cent,Euro,spain"
55/015__2 euro Cent_spain.jpg,"2 euro Cent,Euro,spain"
55/020__2 euro Cent_spain.jpg,"5 euro Cent,Euro,spain"
55/024__2 euro Cent_spain.jpg,"2 Euro,Euro,spain"
55/034__2 euro Cent_spain.jpg,"5 euro Cent,Euro,spain"
56/002__5 euro Cent_spain.jpg,"5 euro Cent,Euro,spain"
56/005__5 euro Cent_spain.jpg,"2 euro Cent,Euro,spain"
56/008__5 euro Cent_spain.jpg,"5 euro Cent,Euro,spain"
56/025__5 euro Cent_spain.jpg,"2 euro Cent,Euro,spain"
57/016__10 euro Cent_spain.jpg,"10 euro Cent,Euro,spain"
57/022__10 euro Cent_spain.jpg,"20 euro Cent,Euro,spain"
57/031__10 euro Cent_spain.jpg,"10 euro Cent,Euro,spain"
57/032__10 euro Cent_spain.jpg,"20 euro Cent,Euro,spain"
58/006__20 euro Cent_spain.jpg,"20 euro Cent,Euro,spain"
58/012__20 euro Cent_spain.jpg,"20 euro Cent,Euro,spain"
58/022__20 euro Cent_spain.jpg,"20 euro Cent,Euro,spain"
58/028__20 euro Cent_spain.jpg,"20 euro Cent,Euro,spain"
59/004__50 euro Cent_spain.jpg,"20 euro Cent,Euro,spain"
59/012__50 euro Cent_spain.jpg,"50 euro Cent,Euro,spain"
59/014__50 euro Cent_spain.jpg,"50 euro Cent,Euro,spain"
59/022__50 euro Cent_spain.jpg,"50 euro Cent,Euro,spain"
6/008__50 Cents_australia.jpg,"50 Pence,British Pound,united_kingdom"
6/013__50 Cents_australia.jpg,"50 Cents,Australian dollar,australia"
6/018__50 Cents_australia.jpg,"50 Cents,Australian dollar,australia"
6/021__50 Cents_australia.jpg,"50 Cents,Australian dollar,australia"
60/009__1 Euro_spain.jpg,"1 Euro,Euro,spain"
60/013__1 Euro_spain.jpg,"1 euro Cent,Euro,spain"
60/020__1 Euro_spain.jpg,"1 euro Cent,Euro,spain"
60/031__1 Euro_spain.jpg,"5 euro Cent,Euro,spain"
61/013__2 Euro_spain.jpg,"2 Euro,Euro,spain"
61/018__2 Euro_spain.jpg,"2 euro Cent,Euro,spain"
61/026__2 Euro_spain.jpg,"2 euro Cent,Euro,spain"
61/032__2 Euro_spain.jpg,"2 euro Cent,Euro,spain"
62/019__10 Cents_hong_kong.jpg,"10 Cents,Hong Kong dollar,hong_kong"
62/021__10 Cents_hong_kong.jpg,"10 Cents,Hong Kong dollar,hong_kong"
62/025__10 Cents_hong_kong.jpg,"10 Cents,Hong Kong dollar,hong_kong"
62/028__10 Cents_hong_kong.jpg,"10 Cents,Hong Kong dollar,hong_kong"
63/005__50 Cents_hong_kong.jpg,"50 Cents,Hong Kong dollar,hong_kong"
63/014__50 Cents_hong_kong.jpg,"50 Cents,Hong Kong dollar,hong_kong"
63/017__50 Cents_hong_kong.jpg,"5 Dollars,Hong Kong dollar,hong_kong"
63/019__50 Cents_hong_kong.jpg,"50 Cents,Hong Kong dollar,hong_kong"
64/003__1 Dollar_hong_kong.jpg,"1 Dollar,Hong Kong dollar,hong_kong"
64/027__1 Dollar_hong_kong.jpg,"1 Dollar,Hong Kong dollar,hong_kong"
64/031__1 Dollar_hong_kong.jpg,"1 Dollar,Hong Kong dollar,hong_kong"
64/033__1 Dollar_hong_kong.jpg,"1 Dollar,Hong Kong dollar,hong_kong"
65/005__2 Dollars_hong_kong.jpg,"2 Dollars,Hong Kong dollar,hong_kong"
65/009__2 Dollars_hong_kong.jpg,"2 Dollars,Hong Kong dollar,hong_kong"
65/015__2 Dollars_hong_kong.jpg,"2 Dollars,Hong Kong dollar,hong_kong"
65/023__2 Dollars_hong_kong.jpg,"2 Dollars,Hong Kong dollar,hong_kong"
66/009__5 Dollars_hong_kong.jpg,"5 Dollars,Hong Kong dollar,hong_kong"
66/020__5 Dollars_hong_kong.jpg,"5 Dollars,Hong Kong dollar,hong_kong"
66/022__5 Dollars_hong_kong.jpg,"5 Dollars,Hong Kong dollar,hong_kong"
66/036__5 Dollars_hong_kong.jpg,"5 Dollars,Hong Kong dollar,hong_kong"
67/005__1 Forint_hungary.jpg,"1 Forint,Hungarian Forint,hungary"
67/012__1 Forint_hungary.jpg,"1 Forint,Hungarian Forint,hungary"
67/029__1 Forint_hungary.jpg,"10 Cents,Canadian Dollar,canada"
67/033__1 Forint_hungary.jpg,"50 Dollars,taiwan Dollar,taiwan"
68/013__2 Forint_hungary.jpg,"2 Forint,Hungarian Forint,hungary"
68/022__2 Forint_hungary.jpg,"2 Forint,Hungarian Forint,hungary"
68/027__2 Forint_hungary.jpg,"2 Forint,Hungarian Forint,hungary"
68/031__2 Forint_hungary.jpg,"50 Yen,Japanese Yen,japan"
69/004__5 Forint_hungary.jpg,"5 Forint,Hungarian Forint,hungary"
69/007__5 Forint_hungary.jpg,"5 Forint,Hungarian Forint,hungary"
69/016__5 Forint_hungary.jpg,"5 Forint,Hungarian Forint,hungary"
69/036__5 Forint_hungary.jpg,"5 Forint,Hungarian Forint,hungary"
7/025__1 Dollar_australia.jpg,"1 Dollar,Australian dollar,australia"
7/026__1 Dollar_australia.jpg,"1 Dollar,Australian dollar,australia"
7/028__1 Dollar_australia.jpg,"1 Dollar,Australian dollar,australia"
7/035__1 Dollar_australia.jpg,"1 Dollar,Australian dollar,australia"
70/017__10 Forint_hungary.jpg,"10 Forint,Hungarian Forint,hungary"
70/019__10 Forint_hungary.jpg,"10 Forint,Hungarian Forint,hungary"
70/022__10 Forint_hungary.jpg,"10 Forint,Hungarian Forint,hungary"
70/034__10 Forint_hungary.jpg,"10 Forint,Hungarian Forint,hungary"
71/009__20 Forint_hungary.jpg,"1 Dollar,Canadian Dollar,canada"
71/013__20 Forint_hungary.jpg,"20 Forint,Hungarian Forint,hungary"
71/023__20 Forint_hungary.jpg,"50 Forint,Hungarian Forint,hungary"
71/035__20 Forint_hungary.jpg,"20 Forint,Hungarian Forint,hungary"
72/004__50 Forint_hungary.jpg,"50 Forint,Hungarian Forint,hungary"
72/015__50 Forint_hungary.jpg,"50 Forint,Hungarian Forint,hungary"
72/017__50 Forint_hungary.jpg,"5 Francs,Swiss Franc,switzerland"
72/036__50 Forint_hungary.jpg,"50 Forint,Hungarian Forint,hungary"
73/007__100 Forint_hungary.jpg,"100 Forint,Hungarian Forint,hungary"
73/014__100 Forint_hungary.jpg,"100 Forint,Hungarian Forint,hungary"
73/022__100 Forint_hungary.jpg,"50 Forint,Hungarian Forint,hungary"
73/025__100 Forint_hungary.jpg,"100 Forint,Hungarian Forint,hungary"
74/014__200 Forint_hungary.jpg,"200 Forint,Hungarian Forint,hungary"
74/015__200 Forint_hungary.jpg,"200 Forint,Hungarian Forint,hungary"
74/033__200 Forint_hungary.jpg,"200 Forint,Hungarian Forint,hungary"
74/036__200 Forint_hungary.jpg,"200 Forint,Hungarian Forint,hungary"
75/006__25 Paise_india.jpg,"25 Paise,Indian Rupee,india"
75/008__25 Paise_india.jpg,"25 Paise,Indian Rupee,india"
75/020__25 Paise_india.jpg,"50 Paise,Indian Rupee,india"
75/032__25 Paise_india.jpg,"25 Paise,Indian Rupee,india"
76/001__50 Paise_india.jpg,"50 Paise,Indian Rupee,india"
76/014__50 Paise_india.jpg,"50 Paise,Indian Rupee,india"
76/021__50 Paise_india.jpg,"50 Paise,Indian Rupee,india"
76/025__50 Paise_india.jpg,"50 Paise,Indian Rupee,india"
77/005__1 Rupee_india.jpg,"1 Rupee,Indian Rupee,india"
77/016__1 Rupee_india.jpg,"1 Rupee,Indian Rupee,india"
77/028__1 Rupee_india.jpg,"1 Rupee,Indian Rupee,india"
77/032__1 Rupee_india.jpg,"1 Rupee,Indian Rupee,india"
78/001__2 Rupees_india.jpg,"2 Rupees,Indian Rupee,india"
78/019__2 Rupees_india.jpg,"2 Rupees,Indian Rupee,india"
78/020__2 Rupees_india.jpg,"2 Rupees,Indian Rupee,india"
78/025__2 Rupees_india.jpg,"20 Kroner,Norwegian Krone,norway"
79/006__5 Rupees_india.jpg,"5 Rupees,Indian Rupee,india"
79/013__5 Rupees_india.jpg,"5 Rupees,Indian Rupee,india"
79/019__5 Rupees_india.jpg,"5 Rupees,Indian Rupee,india"
79/027__5 Rupees_india.jpg,"5 Rupees,Indian Rupee,india"
8/012__2 Dollars_australia.jpg,"2 Dollars,Australian dollar,australia"
8/015__2 Dollars_australia.jpg,"2 Dollars,Australian dollar,australia"
8/032__2 Dollars_australia.jpg,"2 Dollars,Australian dollar,australia"
8/036__2 Dollars_australia.jpg,"2 Dollars,Australian dollar,australia"
80/001__10 Rupees_india.jpg,"10 Rupees,Indian Rupee,india"
80/002__10 Rupees_india.jpg,"10 Rupees,Indian Rupee,india"
80/017__10 Rupees_india.jpg,"10 Rupees,Indian Rupee,india"
80/031__10 Rupees_india.jpg,"10 Rupees,Indian Rupee,india"
81/021__50 Rupiah_indonesia.jpg,"50 Rupiah,Indonesian Rupiah,indonesia"
81/029__50 Rupiah_indonesia.jpg,"50 Rupiah,Indonesian Rupiah,indonesia"
81/030__50 Rupiah_indonesia.jpg,"50 Rupiah,Indonesian Rupiah,indonesia"
81/035__50 Rupiah_indonesia.jpg,"50 Rupiah,Indonesian Rupiah,indonesia"
82/018__100 Rupiah_indonesia.jpg,"20 Korun,Czech Koruna,czech_republic"
82/028__100 Rupiah_indonesia.jpg,"100 Rupiah,Indonesian Rupiah,indonesia"
82/031__100 Rupiah_indonesia.jpg,"100 Rupiah,Indonesian Rupiah,indonesia"
82/034__100 Rupiah_indonesia.jpg,"100 Rupiah,Indonesian Rupiah,indonesia"
83/021__200 Rupiah_indonesia.jpg,"200 Rupiah,Indonesian Rupiah,indonesia"
83/027__200 Rupiah_indonesia.jpg,"1000 Rupiah,Indonesian Rupiah,indonesia"
83/030__200 Rupiah_indonesia.jpg,"200 Rupiah,Indonesian Rupiah,indonesia"
83/033__200 Rupiah_indonesia.jpg,"200 Rupiah,Indonesian Rupiah,indonesia"
84/007__500 Rupiah_indonesia.jpg,"500 Rupiah,Indonesian Rupiah,indonesia"
84/014__500 Rupiah_indonesia.jpg,"500 Rupiah,Indonesian Rupiah,indonesia"
84/026__500 Rupiah_indonesia.jpg,"500 Rupiah,Indonesian Rupiah,indonesia"
84/030__500 Rupiah_indonesia.jpg,"500 Rupiah,Indonesian Rupiah,indonesia"
85/003__1000 Rupiah_indonesia.jpg,"1000 Rupiah,Indonesian Rupiah,indonesia"
85/021__1000 Rupiah_indonesia.jpg,"1000 Rupiah,Indonesian Rupiah,indonesia"
85/023__1000 Rupiah_indonesia.jpg,"1000 Rupiah,Indonesian Rupiah,indonesia"
85/026__1000 Rupiah_indonesia.jpg,"1000 Rupiah,Indonesian Rupiah,indonesia"
86/009__5 Agorot_israel.jpg,"5 Agorot,Israeli New Shekel,israel"
86/021__5 Agorot_israel.jpg,"5 Agorot,Israeli New Shekel,israel"
86/026__5 Agorot_israel.jpg,"10 Agorot,Israeli New Shekel,israel"
86/033__5 Agorot_israel.jpg,"5 Agorot,Israeli New Shekel,israel"
87/007__10 Agorot_israel.jpg,"10 Agorot,Israeli New Shekel,israel"
87/013__10 Agorot_israel.jpg,"10 Agorot,Israeli New Shekel,israel"
87/021__10 Agorot_israel.jpg,"10 Agorot,Israeli New Shekel,israel"
87/034__10 Agorot_israel.jpg,"10 Agorot,Israeli New Shekel,israel"
88/015__1 2 New Sheqel_israel.jpg,"1 2 New Sheqel,Israeli New Shekel,israel"
88/017__1 2 New Sheqel_israel.jpg,"1 2 New Sheqel,Israeli New Shekel,israel"
88/028__1 2 New Sheqel_israel.jpg,"1 2 New Sheqel,Israeli New Shekel,israel"
88/033__1 2 New Sheqel_israel.jpg,"1 2 New Sheqel,Israeli New Shekel,israel"
89/001__1 New Sheqel_israel.jpg,"5 Korun,Czech Koruna,czech_republic"
89/003__1 New Sheqel_israel.jpg,"1 New Sheqel,Israeli New Shekel,israel"
89/007__1 New Sheqel_israel.jpg,"1 2 New Sheqel,Israeli New Shekel,israel"
89/017__1 New Sheqel_israel.jpg,"1 New Sheqel,Israeli New Shekel,israel"
9/004__1 Centavo_brazil.jpg,"1 Centavo,Brazilian Real,brazil"
9/012__1 Centavo_brazil.jpg,"20 Cents,South African Rand,south_africa"
9/016__1 Centavo_brazil.jpg,"1 Centavo,Brazilian Real,brazil"
9/022__1 Centavo_brazil.jpg,"5 Satang,Thai Baht,thailand"
90/008__2 New Sheqalim_israel.jpg,"2 New Sheqalim,Israeli New Shekel,israel"
90/014__2 New Sheqalim_israel.jpg,"2 New Sheqalim,Israeli New Shekel,israel"
90/017__2 New Sheqalim_israel.jpg,"2 New Sheqalim,Israeli New Shekel,israel"
90/026__2 New Sheqalim_israel.jpg,"2 New Sheqalim,Israeli New Shekel,israel"
91/012__5 New Sheqalim_israel.jpg,"5 New Sheqalim,Israeli New Shekel,israel"
91/020__5 New Sheqalim_israel.jpg,"5 New Sheqalim,Israeli New Shekel,israel"
91/025__5 New Sheqalim_israel.jpg,"5 New Sheqalim,Israeli New Shekel,israel"
91/026__5 New Sheqalim_israel.jpg,"5 New Sheqalim,Israeli New Shekel,israel"
92/007__10 New Sheqalim_israel.jpg,"10 New Sheqalim,Israeli New Shekel,israel"
92/025__10 New Sheqalim_israel.jpg,"10 New Sheqalim,Israeli New Shekel,israel"
92/030__10 New Sheqalim_israel.jpg,"10 New Sheqalim,Israeli New Shekel,israel"
92/032__10 New Sheqalim_israel.jpg,"10 New Sheqalim,Israeli New Shekel,israel"
93/004__1 Yen_japan.jpg,"1 Yen,Japanese Yen,japan"
93/005__1 Yen_japan.jpg,"1 Yen,Japanese Yen,japan"
93/009__1 Yen_japan.jpg,"1 Yen,Japanese Yen,japan"
93/020__1 Yen_japan.jpg,"1 Yen,Japanese Yen,japan"
94/007__5 Yen_japan.jpg,"5 Yen,Japanese Yen,japan"
94/022__5 Yen_japan.jpg,"5 Yen,Japanese Yen,japan"
94/025__5 Yen_japan.jpg,"5 Yen,Japanese Yen,japan"
94/032__5 Yen_japan.jpg,"5 Yen,Japanese Yen,japan"
95/009__10 Yen_japan.jpg,"10 Yen,Japanese Yen,japan"
95/011__10 Yen_japan.jpg,"10 Yen,Japanese Yen,japan"
95/031__10 Yen_japan.jpg,"10 Yen,Japanese Yen,japan"
95/032__10 Yen_japan.jpg,"10 Yen,Japanese Yen,japan"
96/004__50 Yen_japan.jpg,"50 Yen,Japanese Yen,japan"
96/028__50 Yen_japan.jpg,"50 Yen,Japanese Yen,japan"
96/029__50 Yen_japan.jpg,"50 Yen,Japanese Yen,japan"
96/033__50 Yen_japan.jpg,"50 Yen,Japanese Yen,japan"
97/001__100 Yen_japan.jpg,"100 Yen,Japanese Yen,japan"
97/006__100 Yen_japan.jpg,"100 Yen,Japanese Yen,japan"
97/012__100 Yen_japan.jpg,"100 Yen,Japanese Yen,japan"
97/018__100 Yen_japan.jpg,"50 Cents,New Zealand dollar,new_zealand"
98/001__500 Yen_japan.jpg,"500 Yen,Japanese Yen,japan"
98/009__500 Yen_japan.jpg,"500 Yen,Japanese Yen,japan"
98/028__500 Yen_japan.jpg,"500 Yen,Japanese Yen,japan"
98/029__500 Yen_japan.jpg,"100 Yen,Japanese Yen,japan"
99/003__1 Won_south_korea.jpg,"1 Won,Korean Won,south_korea"
99/018__1 Won_south_korea.jpg,"1 Won,Korean Won,south_korea"
99/031__1 Won_south_korea.jpg,"1 Won,Korean Won,south_korea"
99/036__1 Won_south_korea.jpg,"1 Won,Korean Won,south_korea"
